"Data Source","World Development Indicators",

"Last Updated Date","2025-10-07",

"Country Name","Country Code","Indicator Name","Indicator Code","1960","1961","1962","1963","1964","1965","1966","1967","1968","1969","1970","1971","1972","1973","1974","1975","1976","1977","1978","1979","1980","1981","1982","1983","1984","1985","1986","1987","1988","1989","1990","1991","1992","1993","1994","1995","1996","1997","1998","1999","2000","2001","2002","2003","2004","2005","2006","2007","2008","2009","2010","2011","2012","2013","2014","2015","2016","2017","2018","2019","2020","2021","2022","2023","2024",
"Aruba","ABW","Prevalence of moderate or severe food insecurity in the population (%)","SN.ITK.MSFI.ZS","","","","","","","","","","","","","","","","","","","","","","","","","","","","","","","","","","","","","","","","","","","","","","","","","","","","","","","","","","","","","","","","","",
"Africa Eastern and Southern","AFE","Prevalence of moderate or severe food insecurity in the population (%)","SN.ITK.MSFI.ZS","","","","","","","","","","","","","","","","","","","","","","","","","","","","","","","","","","","","","","","","","","","","","","","","","","","","","","","","","","","","","","","","","",
"Afghanistan","AFG","Prevalence of moderate or severe food insecurity in the population (%)","SN.ITK.MSFI.ZS","","","","","","","","","","","","","","","","","","","","","","","","","","","","","","","","","","","","","","","","","","","","","","","","","","","","","","","","45.1","49.6","54.3","57.6","63.1","70.1","79.1","80.9","80.8","",
"Africa Western and Central","AFW","Prevalence of moderate or severe food insecurity in the population (%)","SN.ITK.MSFI.ZS","","","","","","","","","","","","","","","","","","","","","","","","","","","","","","","","","","","","","","","","","","","","","","","","","","","","","","","","","","","","","","","","","",
"Angola","AGO","Prevalence of moderate or severe food insecurity in the population (%)","SN.ITK.MSFI.ZS","","","","","","","","","","","","","","","","","","","","","","","","","","","","","","","","","","","","","","","","","","","","","","","","","","","","","","","","","","","","73.5","77.7","78.5","","","",
"Albania","ALB","Prevalence of moderate or severe food insecurity in the population (%)","SN.ITK.MSFI.ZS","","","","","","","","","","","","","","","","","","","","","","","","","","","","","","","","","","","","","","","","","","","","","","","","","","","","","","","","38.8","39","38.6","37.1","33.8","30.9","30.2","32.2","33","",
"Andorra","AND","Prevalence of moderate or severe food insecurity in the population (%)","SN.ITK.MSFI.ZS","","","","","","","","","","","","","","","","","","","","","","","","","","","","","","","","","","","","","","","","","","","","","","","","","","","","","","","","","","","","","","","","","",
"Arab World","ARB","Prevalence of moderate or severe food insecurity in the population (%)","SN.ITK.MSFI.ZS","","","","","","","","","","","","","","","","","","","","","","","","","","","","","","","","","","","","","","","","","","","","","","","","","","","","","","","","","","","","","","","","","",
"United Arab Emirates","ARE","Prevalence of moderate or severe food insecurity in the population (%)","SN.ITK.MSFI.ZS","","","","","","","","","","","","","","","","","","","","","","","","","","","","","","","","","","","","","","","","","","","","","","","","","","","","","","","","","","","","","","","","3.6","",
"Argentina","ARG","Prevalence of moderate or severe food insecurity in the population (%)","SN.ITK.MSFI.ZS","","","","","","","","","","","","","","","","","","","","","","","","","","","","","","","","","","","","","","","","","","","","","","","","","","","","","","","","19.2","25.9","32.3","35.8","35.8","36.9","36.9","36.1","33.8","",
"Armenia","ARM","Prevalence of moderate or severe food insecurity in the population (%)","SN.ITK.MSFI.ZS","","","","","","","","","","","","","","","","","","","","","","","","","","","","","","","","","","","","","","","","","","","","","","","","","","","","","","","","","","17.1","14.8","11.7","8.3","8","7.8","7.8","",
"American Samoa","ASM","Prevalence of moderate or severe food insecurity in the population (%)","SN.ITK.MSFI.ZS","","","","","","","","","","","","","","","","","","","","","","","","","","","","","","","","","","","","","","","","","","","","","","","","","","","","","","","","","","","","","","","","","",
"Antigua and Barbuda","ATG","Prevalence of moderate or severe food insecurity in the population (%)","SN.ITK.MSFI.ZS","","","","","","","","","","","","","","","","","","","","","","","","","","","","","","","","","","","","","","","","","","","","","","","","","","","","","","","","","","","","","","13.5","13.5","13.5","",
"Australia","AUS","Prevalence of moderate or severe food insecurity in the population (%)","SN.ITK.MSFI.ZS","","","","","","","","","","","","","","","","","","","","","","","","","","","","","","","","","","","","","","","","","","","","","","","","","","","","","","","","10.8","11.8","12.7","13.3","12.3","11.9","11.4","12.9","13.8","",
"Austria","AUT","Prevalence of moderate or severe food insecurity in the population (%)","SN.ITK.MSFI.ZS","","","","","","","","","","","","","","","","","","","","","","","","","","","","","","","","","","","","","","","","","","","","","","","","","","","","","","","","5.5","5.2","4.4","3.6","3","3.3","4.3","4.9","4.7","",
"Azerbaijan","AZE","Prevalence of moderate or severe food insecurity in the population (%)","SN.ITK.MSFI.ZS","","","","","","","","","","","","","","","","","","","","","","","","","","","","","","","","","","","","","","","","","","","","","","","","","","","","","","","","5.9","7.7","8.5","9.6","8.9","9.5","10.1","12.2","14","",
"Burundi","BDI","Prevalence of moderate or severe food insecurity in the population (%)","SN.ITK.MSFI.ZS","","","","","","","","","","","","","","","","","","","","","","","","","","","","","","","","","","","","","","","","","","","","","","","","","","","","","","","","","","","","","","","70.8","70.8","",
"Belgium","BEL","Prevalence of moderate or severe food insecurity in the population (%)","SN.ITK.MSFI.ZS","","","","","","","","","","","","","","","","","","","","","","","","","","","","","","","","","","","","","","","","","","","","","","","","","","","","","","","","","","","","3.7","4.8","5.8","7.3","8.1","",
"Benin","BEN","Prevalence of moderate or severe food insecurity in the population (%)","SN.ITK.MSFI.ZS","","","","","","","","","","","","","","","","","","","","","","","","","","","","","","","","","","","","","","","","","","","","","","","","","","","","","","","","55","63.8","66.3","65.8","64","61.9","62.7","63.3","65.6","",
"Burkina Faso","BFA","Prevalence of moderate or severe food insecurity in the population (%)","SN.ITK.MSFI.ZS","","","","","","","","","","","","","","","","","","","","","","","","","","","","","","","","","","","","","","","","","","","","","","","","","","","","","","","","","","38.9","39.1","39.5","40.1","40.5","40.7","41.4","",
"Bangladesh","BGD","Prevalence of moderate or severe food insecurity in the population (%)","SN.ITK.MSFI.ZS","","","","","","","","","","","","","","","","","","","","","","","","","","","","","","","","","","","","","","","","","","","","","","","","","","","","","","","","","","","","","","","","","",
"Bulgaria","BGR","Prevalence of moderate or severe food insecurity in the population (%)","SN.ITK.MSFI.ZS","","","","","","","","","","","","","","","","","","","","","","","","","","","","","","","","","","","","","","","","","","","","","","","","","","","","","","","","14.9","13.6","12","12.5","13.2","15.5","15.8","14.8","11.6","",
"Bahrain","BHR","Prevalence of moderate or severe food insecurity in the population (%)","SN.ITK.MSFI.ZS","","","","","","","","","","","","","","","","","","","","","","","","","","","","","","","","","","","","","","","","","","","","","","","","","","","","","","","","","","","","","","","","","",
"Bahamas, The","BHS","Prevalence of moderate or severe food insecurity in the population (%)","SN.ITK.MSFI.ZS","","","","","","","","","","","","","","","","","","","","","","","","","","","","","","","","","","","","","","","","","","","","","","","","","","","","","","","","","","","","","17.2","17.2","17.2","","",
"Bosnia and Herzegovina","BIH","Prevalence of moderate or severe food insecurity in the population (%)","SN.ITK.MSFI.ZS","","","","","","","","","","","","","","","","","","","","","","","","","","","","","","","","","","","","","","","","","","","","","","","","","","","","","","","","9.6","10.3","8.7","9.2","10","12.6","13.4","13.3","9.9","",
"Belarus","BLR","Prevalence of moderate or severe food insecurity in the population (%)","SN.ITK.MSFI.ZS","","","","","","","","","","","","","","","","","","","","","","","","","","","","","","","","","","","","","","","","","","","","","","","","","","","","","","","","","","","","1.4","1.4","1.3","1.2","1.1","",
"Belize","BLZ","Prevalence of moderate or severe food insecurity in the population (%)","SN.ITK.MSFI.ZS","","","","","","","","","","","","","","","","","","","","","","","","","","","","","","","","","","","","","","","","","","","","","","","","","","","","","","","","","","","","39","42.3","45.5","","","",
"Bermuda","BMU","Prevalence of moderate or severe food insecurity in the population (%)","SN.ITK.MSFI.ZS","","","","","","","","","","","","","","","","","","","","","","","","","","","","","","","","","","","","","","","","","","","","","","","","","","","","","","","","","","","","","","","","","",
"Bolivia","BOL","Prevalence of moderate or severe food insecurity in the population (%)","SN.ITK.MSFI.ZS","","","","","","","","","","","","","","","","","","","","","","","","","","","","","","","","","","","","","","","","","","","","","","","","","","","","","","","","","","","","","","","","","",
"Brazil","BRA","Prevalence of moderate or severe food insecurity in the population (%)","SN.ITK.MSFI.ZS","","","","","","","","","","","","","","","","","","","","","","","","","","","","","","","","","","","","","","","","","","","","","","","","","","","","","","","","13.3","15.6","15.5","14.2","15.8","19.4","22.1","18.4","13.5","",
"Barbados","BRB","Prevalence of moderate or severe food insecurity in the population (%)","SN.ITK.MSFI.ZS","","","","","","","","","","","","","","","","","","","","","","","","","","","","","","","","","","","","","","","","","","","","","","","","","","","","","","","","","","","","","31.1","31.1","31.1","","",
"Brunei Darussalam","BRN","Prevalence of moderate or severe food insecurity in the population (%)","SN.ITK.MSFI.ZS","","","","","","","","","","","","","","","","","","","","","","","","","","","","","","","","","","","","","","","","","","","","","","","","","","","","","","","","","","","","","","","","","",
"Bhutan","BTN","Prevalence of moderate or severe food insecurity in the population (%)","SN.ITK.MSFI.ZS","","","","","","","","","","","","","","","","","","","","","","","","","","","","","","","","","","","","","","","","","","","","","","","","","","","","","","","","","","","","","","","","","",
"Botswana","BWA","Prevalence of moderate or severe food insecurity in the population (%)","SN.ITK.MSFI.ZS","","","","","","","","","","","","","","","","","","","","","","","","","","","","","","","","","","","","","","","","","","","","","","","","","","","","","","","","46.4","51.3","53.4","53.1","54","55.6","56.3","55.4","53.9","",
"Central African Republic","CAF","Prevalence of moderate or severe food insecurity in the population (%)","SN.ITK.MSFI.ZS","","","","","","","","","","","","","","","","","","","","","","","","","","","","","","","","","","","","","","","","","","","","","","","","","","","","","","","","","","","","","88.1","88.1","88.1","","",
"Canada","CAN","Prevalence of moderate or severe food insecurity in the population (%)","SN.ITK.MSFI.ZS","","","","","","","","","","","","","","","","","","","","","","","","","","","","","","","","","","","","","","","","","","","","","","","","","","","","","","","","5","5","5","5.1","5.8","6.5","7.7","8.5","10.2","",
"Central Europe and the Baltics","CEB","Prevalence of moderate or severe food insecurity in the population (%)","SN.ITK.MSFI.ZS","","","","","","","","","","","","","","","","","","","","","","","","","","","","","","","","","","","","","","","","","","","","","","","","","","","","","","","","","","","","","","","","","",
"Switzerland","CHE","Prevalence of moderate or severe food insecurity in the population (%)","SN.ITK.MSFI.ZS","","","","","","","","","","","","","","","","","","","","","","","","","","","","","","","","","","","","","","","","","","","","","","","","","","","","","","","","4.8","4.2","3.1","2.6","2","2.2","2.1","2.5","2","",
"Channel Islands","CHI","Prevalence of moderate or severe food insecurity in the population (%)","SN.ITK.MSFI.ZS","","","","","","","","","","","","","","","","","","","","","","","","","","","","","","","","","","","","","","","","","","","","","","","","","","","","","","","","","","","","","","","","","",
"Chile","CHL","Prevalence of moderate or severe food insecurity in the population (%)","SN.ITK.MSFI.ZS","","","","","","","","","","","","","","","","","","","","","","","","","","","","","","","","","","","","","","","","","","","","","","","","","","","","","","","","10.8","12.2","13.7","15.3","17.3","17.4","18.2","17.6","19.2","",
"China","CHN","Prevalence of moderate or severe food insecurity in the population (%)","SN.ITK.MSFI.ZS","","","","","","","","","","","","","","","","","","","","","","","","","","","","","","","","","","","","","","","","","","","","","","","","","","","","","","","","","","","","","","","","","",
"Cote d'Ivoire","CIV","Prevalence of moderate or severe food insecurity in the population (%)","SN.ITK.MSFI.ZS","","","","","","","","","","","","","","","","","","","","","","","","","","","","","","","","","","","","","","","","","","","","","","","","","","","","","","","","34.1","35.7","37","38.2","39.5","40.4","41","39.4","38.4","",
"Cameroon","CMR","Prevalence of moderate or severe food insecurity in the population (%)","SN.ITK.MSFI.ZS","","","","","","","","","","","","","","","","","","","","","","","","","","","","","","","","","","","","","","","","","","","","","","","","","","","","","","","","49.9","55.3","58","57","56.4","56.5","59.2","60.3","61.2","",
"Congo, Dem. Rep.","COD","Prevalence of moderate or severe food insecurity in the population (%)","SN.ITK.MSFI.ZS","","","","","","","","","","","","","","","","","","","","","","","","","","","","","","","","","","","","","","","","","","","","","","","","","","","","","","","","","","","","69.2","72.3","75.9","80.2","81.5","",
"Congo, Rep.","COG","Prevalence of moderate or severe food insecurity in the population (%)","SN.ITK.MSFI.ZS","","","","","","","","","","","","","","","","","","","","","","","","","","","","","","","","","","","","","","","","","","","","","","","","","","","","","","","","","","","","","","","","","",
"Colombia","COL","Prevalence of moderate or severe food insecurity in the population (%)","SN.ITK.MSFI.ZS","","","","","","","","","","","","","","","","","","","","","","","","","","","","","","","","","","","","","","","","","","","","","","","","","","","","","","","","19.9","22.3","24.9","26.5","28.5","30.5","31.6","30.6","27.8","",
"Comoros","COM","Prevalence of moderate or severe food insecurity in the population (%)","SN.ITK.MSFI.ZS","","","","","","","","","","","","","","","","","","","","","","","","","","","","","","","","","","","","","","","","","","","","","","","","","","","","","","","","","","","","","79.7","79.7","79.7","79.7","",
"Cabo Verde","CPV","Prevalence of moderate or severe food insecurity in the population (%)","SN.ITK.MSFI.ZS","","","","","","","","","","","","","","","","","","","","","","","","","","","","","","","","","","","","","","","","","","","","","","","","","","","","","","","","","","37.7","36.4","35.1","35.4","34.8","34.3","32.1","",
"Costa Rica","CRI","Prevalence of moderate or severe food insecurity in the population (%)","SN.ITK.MSFI.ZS","","","","","","","","","","","","","","","","","","","","","","","","","","","","","","","","","","","","","","","","","","","","","","","","","","","","","","","","12.2","12.9","13.7","14.5","15.3","15.9","16.2","16.2","15.4","",
"Caribbean small states","CSS","Prevalence of moderate or severe food insecurity in the population (%)","SN.ITK.MSFI.ZS","","","","","","","","","","","","","","","","","","","","","","","","","","","","","","","","","","","","","","","","","","","","","","","","","","","","","","","","","","","","","","","","","",
"Cuba","CUB","Prevalence of moderate or severe food insecurity in the population (%)","SN.ITK.MSFI.ZS","","","","","","","","","","","","","","","","","","","","","","","","","","","","","","","","","","","","","","","","","","","","","","","","","","","","","","","","","","","","","","","","","",
"Curacao","CUW","Prevalence of moderate or severe food insecurity in the population (%)","SN.ITK.MSFI.ZS","","","","","","","","","","","","","","","","","","","","","","","","","","","","","","","","","","","","","","","","","","","","","","","","","","","","","","","","","","","","","","","","","",
"Cayman Islands","CYM","Prevalence of moderate or severe food insecurity in the population (%)","SN.ITK.MSFI.ZS","","","","","","","","","","","","","","","","","","","","","","","","","","","","","","","","","","","","","","","","","","","","","","","","","","","","","","","","","","","","","","","","","",
"Cyprus","CYP","Prevalence of moderate or severe food insecurity in the population (%)","SN.ITK.MSFI.ZS","","","","","","","","","","","","","","","","","","","","","","","","","","","","","","","","","","","","","","","","","","","","","","","","","","","","","","","","","","","","","","","","1.4","",
"Czechia","CZE","Prevalence of moderate or severe food insecurity in the population (%)","SN.ITK.MSFI.ZS","","","","","","","","","","","","","","","","","","","","","","","","","","","","","","","","","","","","","","","","","","","","","","","","","","","","","","","","5.8","5.1","3.9","3.8","4.2","5.8","8.5","10","10","",
"Germany","DEU","Prevalence of moderate or severe food insecurity in the population (%)","SN.ITK.MSFI.ZS","","","","","","","","","","","","","","","","","","","","","","","","","","","","","","","","","","","","","","","","","","","","","","","","","","","","","","","","4.1","3.8","3.6","3.5","3.4","3.5","3.8","4","4.1","",
"Djibouti","DJI","Prevalence of moderate or severe food insecurity in the population (%)","SN.ITK.MSFI.ZS","","","","","","","","","","","","","","","","","","","","","","","","","","","","","","","","","","","","","","","","","","","","","","","","","","","","","","","","","","","","","49.2","49.2","49.2","49.2","",
"Dominica","DMA","Prevalence of moderate or severe food insecurity in the population (%)","SN.ITK.MSFI.ZS","","","","","","","","","","","","","","","","","","","","","","","","","","","","","","","","","","","","","","","","","","","","","","","","","","","","","","","","","","","","","34.4","34.4","34.4","","",
"Denmark","DNK","Prevalence of moderate or severe food insecurity in the population (%)","SN.ITK.MSFI.ZS","","","","","","","","","","","","","","","","","","","","","","","","","","","","","","","","","","","","","","","","","","","","","","","","","","","","","","","","5.9","5.8","5.4","5.2","5","5.5","6.8","7.1","6.9","",
"Dominican Republic","DOM","Prevalence of moderate or severe food insecurity in the population (%)","SN.ITK.MSFI.ZS","","","","","","","","","","","","","","","","","","","","","","","","","","","","","","","","","","","","","","","","","","","","","","","","","","","","","","","","54.2","54","54.4","52.6","55","53.1","52.1","46.1","43.8","",
"Algeria","DZA","Prevalence of moderate or severe food insecurity in the population (%)","SN.ITK.MSFI.ZS","","","","","","","","","","","","","","","","","","","","","","","","","","","","","","","","","","","","","","","","","","","","","","","","","","","","","","","","22.9","21.5","19.8","17.6","17.6","19","19.4","18.9","17.6","",
"East Asia & Pacific (excluding high income)","EAP","Prevalence of moderate or severe food insecurity in the population (%)","SN.ITK.MSFI.ZS","","","","","","","","","","","","","","","","","","","","","","","","","","","","","","","","","","","","","","","","","","","","","","","","","","","","","","","","","","","","","","","","","",
"Early-demographic dividend","EAR","Prevalence of moderate or severe food insecurity in the population (%)","SN.ITK.MSFI.ZS","","","","","","","","","","","","","","","","","","","","","","","","","","","","","","","","","","","","","","","","","","","","","","","","","","","","","","","","","","","","","","","","","",
"East Asia & Pacific","EAS","Prevalence of moderate or severe food insecurity in the population (%)","SN.ITK.MSFI.ZS","","","","","","","","","","","","","","","","","","","","","","","","","","","","","","","","","","","","","","","","","","","","","","","","","","","","","","","","","","","","","","","","","",
"Europe & Central Asia (excluding high income)","ECA","Prevalence of moderate or severe food insecurity in the population (%)","SN.ITK.MSFI.ZS","","","","","","","","","","","","","","","","","","","","","","","","","","","","","","","","","","","","","","","","","","","","","","","","","","","","","","","","","","","","","","","","","",
"Europe & Central Asia","ECS","Prevalence of moderate or severe food insecurity in the population (%)","SN.ITK.MSFI.ZS","","","","","","","","","","","","","","","","","","","","","","","","","","","","","","","","","","","","","","","","","","","","","","","","","","","","","","","","","","","","","","","","","",
"Ecuador","ECU","Prevalence of moderate or severe food insecurity in the population (%)","SN.ITK.MSFI.ZS","","","","","","","","","","","","","","","","","","","","","","","","","","","","","","","","","","","","","","","","","","","","","","","","","","","","","","","","20.7","23.3","26.2","29.2","32.7","36.8","37.3","36.9","33.3","",
"Egypt, Arab Rep.","EGY","Prevalence of moderate or severe food insecurity in the population (%)","SN.ITK.MSFI.ZS","","","","","","","","","","","","","","","","","","","","","","","","","","","","","","","","","","","","","","","","","","","","","","","","","","","","","","","","27.8","29.9","33.1","31.2","27.8","27.3","28.5","29.8","30.8","",
"Euro area","EMU","Prevalence of moderate or severe food insecurity in the population (%)","SN.ITK.MSFI.ZS","","","","","","","","","","","","","","","","","","","","","","","","","","","","","","","","","","","","","","","","","","","","","","","","","","","","","","","","","","","","","","","","","",
"Eritrea","ERI","Prevalence of moderate or severe food insecurity in the population (%)","SN.ITK.MSFI.ZS","","","","","","","","","","","","","","","","","","","","","","","","","","","","","","","","","","","","","","","","","","","","","","","","","","","","","","","","","","","","","","","","","",
"Spain","ESP","Prevalence of moderate or severe food insecurity in the population (%)","SN.ITK.MSFI.ZS","","","","","","","","","","","","","","","","","","","","","","","","","","","","","","","","","","","","","","","","","","","","","","","","","","","","","","","","7.1","7.5","7.5","8.6","8.8","8.6","8","6.9","6.5","",
"Estonia","EST","Prevalence of moderate or severe food insecurity in the population (%)","SN.ITK.MSFI.ZS","","","","","","","","","","","","","","","","","","","","","","","","","","","","","","","","","","","","","","","","","","","","","","","","","","","","","","","","9.5","8.3","8.2","7.4","7.9","7.9","8.5","9.3","10.8","",
"Ethiopia","ETH","Prevalence of moderate or severe food insecurity in the population (%)","SN.ITK.MSFI.ZS","","","","","","","","","","","","","","","","","","","","","","","","","","","","","","","","","","","","","","","","","","","","","","","","","","","","","","","","56.2","58.3","59.4","57.9","56.3","56.2","58.1","59","61.4","",
"European Union","EUU","Prevalence of moderate or severe food insecurity in the population (%)","SN.ITK.MSFI.ZS","","","","","","","","","","","","","","","","","","","","","","","","","","","","","","","","","","","","","","","","","","","","","","","","","","","","","","","","","","","","","","","","","",
"Fragile and conflict affected situations","FCS","Prevalence of moderate or severe food insecurity in the population (%)","SN.ITK.MSFI.ZS","","","","","","","","","","","","","","","","","","","","","","","","","","","","","","","","","","","","","","","","","","","","","","","","","","","","","","","","","","","","","","","","","",
"Finland","FIN","Prevalence of moderate or severe food insecurity in the population (%)","SN.ITK.MSFI.ZS","","","","","","","","","","","","","","","","","","","","","","","","","","","","","","","","","","","","","","","","","","","","","","","","","","","","","","","","9.3","8.4","8.3","7.7","8","8.8","10.5","12.6","13.4","",
"Fiji","FJI","Prevalence of moderate or severe food insecurity in the population (%)","SN.ITK.MSFI.ZS","","","","","","","","","","","","","","","","","","","","","","","","","","","","","","","","","","","","","","","","","","","","","","","","","","","","","","","","","","","","14.3","19.3","24.2","29.2","","",
"France","FRA","Prevalence of moderate or severe food insecurity in the population (%)","SN.ITK.MSFI.ZS","","","","","","","","","","","","","","","","","","","","","","","","","","","","","","","","","","","","","","","","","","","","","","","","","","","","","","","","6.8","6.3","6.3","6","5.8","5.9","6.6","7.9","8.4","",
"Faroe Islands","FRO","Prevalence of moderate or severe food insecurity in the population (%)","SN.ITK.MSFI.ZS","","","","","","","","","","","","","","","","","","","","","","","","","","","","","","","","","","","","","","","","","","","","","","","","","","","","","","","","","","","","","","","","","",
"Micronesia, Fed. Sts.","FSM","Prevalence of moderate or severe food insecurity in the population (%)","SN.ITK.MSFI.ZS","","","","","","","","","","","","","","","","","","","","","","","","","","","","","","","","","","","","","","","","","","","","","","","","","","","","","","","","","","","","","","","","","",
"Gabon","GAB","Prevalence of moderate or severe food insecurity in the population (%)","SN.ITK.MSFI.ZS","","","","","","","","","","","","","","","","","","","","","","","","","","","","","","","","","","","","","","","","","","","","","","","","","","","","","","","","","","","","","","","","","",
"United Kingdom","GBR","Prevalence of moderate or severe food insecurity in the population (%)","SN.ITK.MSFI.ZS","","","","","","","","","","","","","","","","","","","","","","","","","","","","","","","","","","","","","","","","","","","","","","","","","","","","","","","","6.3","6.1","5.6","4.9","3.9","3.5","4.1","5.7","6.9","",
"Georgia","GEO","Prevalence of moderate or severe food insecurity in the population (%)","SN.ITK.MSFI.ZS","","","","","","","","","","","","","","","","","","","","","","","","","","","","","","","","","","","","","","","","","","","","","","","","","","","","","","","","31.8","33.8","35.5","38.3","39.7","38.8","36.5","32.3","26.6","",
"Ghana","GHA","Prevalence of moderate or severe food insecurity in the population (%)","SN.ITK.MSFI.ZS","","","","","","","","","","","","","","","","","","","","","","","","","","","","","","","","","","","","","","","","","","","","","","","","","","","","","","","","38.3","40.8","43.8","39.5","38.2","36.6","38.8","42.4","44.5","",
"Gibraltar","GIB","Prevalence of moderate or severe food insecurity in the population (%)","SN.ITK.MSFI.ZS","","","","","","","","","","","","","","","","","","","","","","","","","","","","","","","","","","","","","","","","","","","","","","","","","","","","","","","","","","","","","","","","","",
"Guinea","GIN","Prevalence of moderate or severe food insecurity in the population (%)","SN.ITK.MSFI.ZS","","","","","","","","","","","","","","","","","","","","","","","","","","","","","","","","","","","","","","","","","","","","","","","","","","","","","","","","","","","","","","","","","",
"Gambia, The","GMB","Prevalence of moderate or severe food insecurity in the population (%)","SN.ITK.MSFI.ZS","","","","","","","","","","","","","","","","","","","","","","","","","","","","","","","","","","","","","","","","","","","","","","","","","","","","","","","","","52.7","52.7","54.3","56","58","60.7","59","54.8","",
"Guinea-Bissau","GNB","Prevalence of moderate or severe food insecurity in the population (%)","SN.ITK.MSFI.ZS","","","","","","","","","","","","","","","","","","","","","","","","","","","","","","","","","","","","","","","","","","","","","","","","","","","","","","","","","","61.7","61.8","62","62.3","62.4","62.5","","",
"Equatorial Guinea","GNQ","Prevalence of moderate or severe food insecurity in the population (%)","SN.ITK.MSFI.ZS","","","","","","","","","","","","","","","","","","","","","","","","","","","","","","","","","","","","","","","","","","","","","","","","","","","","","","","","","","","","","","","","","",
"Greece","GRC","Prevalence of moderate or severe food insecurity in the population (%)","SN.ITK.MSFI.ZS","","","","","","","","","","","","","","","","","","","","","","","","","","","","","","","","","","","","","","","","","","","","","","","","","","","","","","","","15.8","16.4","16.6","13.3","8.6","6.8","6.3","6.4","6.6","",
"Grenada","GRD","Prevalence of moderate or severe food insecurity in the population (%)","SN.ITK.MSFI.ZS","","","","","","","","","","","","","","","","","","","","","","","","","","","","","","","","","","","","","","","","","","","","","","","","","","","","","","","","","","23.6","23.6","23.6","22.3","20.7","18.6","17.3","",
"Greenland","GRL","Prevalence of moderate or severe food insecurity in the population (%)","SN.ITK.MSFI.ZS","","","","","","","","","","","","","","","","","","","","","","","","","","","","","","","","","","","","","","","","","","","","","","","","","","","","","","","","","","","","","","","","","",
"Guatemala","GTM","Prevalence of moderate or severe food insecurity in the population (%)","SN.ITK.MSFI.ZS","","","","","","","","","","","","","","","","","","","","","","","","","","","","","","","","","","","","","","","","","","","","","","","","","","","","","","","","42.7","44.2","43.5","45.2","49.6","55.8","55","52.4","48.8","",
"Guam","GUM","Prevalence of moderate or severe food insecurity in the population (%)","SN.ITK.MSFI.ZS","","","","","","","","","","","","","","","","","","","","","","","","","","","","","","","","","","","","","","","","","","","","","","","","","","","","","","","","","","","","","","","","","",
"Guyana","GUY","Prevalence of moderate or severe food insecurity in the population (%)","SN.ITK.MSFI.ZS","","","","","","","","","","","","","","","","","","","","","","","","","","","","","","","","","","","","","","","","","","","","","","","","","","","","","","","","","","","","","","25.5","25.5","25.5","",
"High income","HIC","Prevalence of moderate or severe food insecurity in the population (%)","SN.ITK.MSFI.ZS","","","","","","","","","","","","","","","","","","","","","","","","","","","","","","","","","","","","","","","","","","","","","","","","","","","","","","","","","","","","","","","","","",
"Hong Kong SAR, China","HKG","Prevalence of moderate or severe food insecurity in the population (%)","SN.ITK.MSFI.ZS","","","","","","","","","","","","","","","","","","","","","","","","","","","","","","","","","","","","","","","","","","","","","","","","","","","","","","","","","","","","","","","","","",
"Honduras","HND","Prevalence of moderate or severe food insecurity in the population (%)","SN.ITK.MSFI.ZS","","","","","","","","","","","","","","","","","","","","","","","","","","","","","","","","","","","","","","","","","","","","","","","","","","","","","","","","41.6","41.4","41.1","40.9","45.6","48.4","49.3","43.7","41.3","",
"Heavily indebted poor countries (HIPC)","HPC","Prevalence of moderate or severe food insecurity in the population (%)","SN.ITK.MSFI.ZS","","","","","","","","","","","","","","","","","","","","","","","","","","","","","","","","","","","","","","","","","","","","","","","","","","","","","","","","","","","","","","","","","",
"Croatia","HRV","Prevalence of moderate or severe food insecurity in the population (%)","SN.ITK.MSFI.ZS","","","","","","","","","","","","","","","","","","","","","","","","","","","","","","","","","","","","","","","","","","","","","","","","","","","","","","","","6.5","6.9","7.8","10","11","11.4","9.7","7.9","6","",
"Haiti","HTI","Prevalence of moderate or severe food insecurity in the population (%)","SN.ITK.MSFI.ZS","","","","","","","","","","","","","","","","","","","","","","","","","","","","","","","","","","","","","","","","","","","","","","","","","","","","","","","","","","","","82.7","82.5","82.6","82.8","83.2","",
"Hungary","HUN","Prevalence of moderate or severe food insecurity in the population (%)","SN.ITK.MSFI.ZS","","","","","","","","","","","","","","","","","","","","","","","","","","","","","","","","","","","","","","","","","","","","","","","","","","","","","","","","11.3","9.4","8.8","6.9","8.6","10.6","12.6","15","15.6","",
"IBRD only","IBD","Prevalence of moderate or severe food insecurity in the population (%)","SN.ITK.MSFI.ZS","","","","","","","","","","","","","","","","","","","","","","","","","","","","","","","","","","","","","","","","","","","","","","","","","","","","","","","","","","","","","","","","","",
"IDA & IBRD total","IBT","Prevalence of moderate or severe food insecurity in the population (%)","SN.ITK.MSFI.ZS","","","","","","","","","","","","","","","","","","","","","","","","","","","","","","","","","","","","","","","","","","","","","","","","","","","","","","","","","","","","","","","","","",
"IDA total","IDA","Prevalence of moderate or severe food insecurity in the population (%)","SN.ITK.MSFI.ZS","","","","","","","","","","","","","","","","","","","","","","","","","","","","","","","","","","","","","","","","","","","","","","","","","","","","","","","","","","","","","","","","","",
"IDA blend","IDB","Prevalence of moderate or severe food insecurity in the population (%)","SN.ITK.MSFI.ZS","","","","","","","","","","","","","","","","","","","","","","","","","","","","","","","","","","","","","","","","","","","","","","","","","","","","","","","","","","","","","","","","","",
"Indonesia","IDN","Prevalence of moderate or severe food insecurity in the population (%)","SN.ITK.MSFI.ZS","","","","","","","","","","","","","","","","","","","","","","","","","","","","","","","","","","","","","","","","","","","","","","","","","","","","","","","","6","7.3","7.6","7","5.8","5.1","4.9","4.7","4.5","",
"IDA only","IDX","Prevalence of moderate or severe food insecurity in the population (%)","SN.ITK.MSFI.ZS","","","","","","","","","","","","","","","","","","","","","","","","","","","","","","","","","","","","","","","","","","","","","","","","","","","","","","","","","","","","","","","","","",
"Isle of Man","IMN","Prevalence of moderate or severe food insecurity in the population (%)","SN.ITK.MSFI.ZS","","","","","","","","","","","","","","","","","","","","","","","","","","","","","","","","","","","","","","","","","","","","","","","","","","","","","","","","","","","","","","","","","",
"India","IND","Prevalence of moderate or severe food insecurity in the population (%)","SN.ITK.MSFI.ZS","","","","","","","","","","","","","","","","","","","","","","","","","","","","","","","","","","","","","","","","","","","","","","","","","","","","","","","","","","","","","","","","","",
"Not classified","INX","Prevalence of moderate or severe food insecurity in the population (%)","SN.ITK.MSFI.ZS","","","","","","","","","","","","","","","","","","","","","","","","","","","","","","","","","","","","","","","","","","","","","","","","","","","","","","","","","","","","","","","","","",
"Ireland","IRL","Prevalence of moderate or severe food insecurity in the population (%)","SN.ITK.MSFI.ZS","","","","","","","","","","","","","","","","","","","","","","","","","","","","","","","","","","","","","","","","","","","","","","","","","","","","","","","","8.9","7.2","6.6","7.2","8.3","6.5","5.4","4.2","4.8","",
"Iran, Islamic Rep.","IRN","Prevalence of moderate or severe food insecurity in the population (%)","SN.ITK.MSFI.ZS","","","","","","","","","","","","","","","","","","","","","","","","","","","","","","","","","","","","","","","","","","","","","","","","","","","","","","","","48","45.3","42.4","40.6","42.5","42.4","40.8","39.9","38.8","",
"Iraq","IRQ","Prevalence of moderate or severe food insecurity in the population (%)","SN.ITK.MSFI.ZS","","","","","","","","","","","","","","","","","","","","","","","","","","","","","","","","","","","","","","","","","","","","","","","","","","","","","","","","","","","","","","","","","",
"Iceland","ISL","Prevalence of moderate or severe food insecurity in the population (%)","SN.ITK.MSFI.ZS","","","","","","","","","","","","","","","","","","","","","","","","","","","","","","","","","","","","","","","","","","","","","","","","","","","","","","","","6.4","7.2","6.8","7.2","6.6","6.3","6.1","7","7.8","",
"Israel","ISR","Prevalence of moderate or severe food insecurity in the population (%)","SN.ITK.MSFI.ZS","","","","","","","","","","","","","","","","","","","","","","","","","","","","","","","","","","","","","","","","","","","","","","","","","","","","","","","","11.6","11.1","12.2","12.7","12.2","9.7","7.4","7.2","9.2","",
"Italy","ITA","Prevalence of moderate or severe food insecurity in the population (%)","SN.ITK.MSFI.ZS","","","","","","","","","","","","","","","","","","","","","","","","","","","","","","","","","","","","","","","","","","","","","","","","","","","","","","","","","","","","","","2.2","2","1.7","",
"Jamaica","JAM","Prevalence of moderate or severe food insecurity in the population (%)","SN.ITK.MSFI.ZS","","","","","","","","","","","","","","","","","","","","","","","","","","","","","","","","","","","","","","","","","","","","","","","","","","","","","","","","48.3","47.4","46.9","45.8","48.4","50.3","54.4","55.1","56.4","",
"Jordan","JOR","Prevalence of moderate or severe food insecurity in the population (%)","SN.ITK.MSFI.ZS","","","","","","","","","","","","","","","","","","","","","","","","","","","","","","","","","","","","","","","","","","","","","","","","","","","","","","","","","","","","","","","","","",
"Japan","JPN","Prevalence of moderate or severe food insecurity in the population (%)","SN.ITK.MSFI.ZS","","","","","","","","","","","","","","","","","","","","","","","","","","","","","","","","","","","","","","","","","","","","","","","","","","","","","","","","2.6","2.7","3.2","3.2","3.4","3.8","4.4","5.5","5.8","",
"Kazakhstan","KAZ","Prevalence of moderate or severe food insecurity in the population (%)","SN.ITK.MSFI.ZS","","","","","","","","","","","","","","","","","","","","","","","","","","","","","","","","","","","","","","","","","","","","","","","","","","","","","","","","","","2.1","2.4","2.6","2.8","2.4","2.2","2","",
"Kenya","KEN","Prevalence of moderate or severe food insecurity in the population (%)","SN.ITK.MSFI.ZS","","","","","","","","","","","","","","","","","","","","","","","","","","","","","","","","","","","","","","","","","","","","","","","","","","","","","","","","50.7","54.8","60.9","64.4","67.7","69.5","72.3","72.8","73.9","",
"Kyrgyz Republic","KGZ","Prevalence of moderate or severe food insecurity in the population (%)","SN.ITK.MSFI.ZS","","","","","","","","","","","","","","","","","","","","","","","","","","","","","","","","","","","","","","","","","","","","","","","","","","","","","","","","","","6.3","6.3","6.4","6.6","6.9","7","","",
"Cambodia","KHM","Prevalence of moderate or severe food insecurity in the population (%)","SN.ITK.MSFI.ZS","","","","","","","","","","","","","","","","","","","","","","","","","","","","","","","","","","","","","","","","","","","","","","","","","","","","","","","","39.6","37.1","36.9","36.4","38.6","41.9","43.4","43.2","40","",
"Kiribati","KIR","Prevalence of moderate or severe food insecurity in the population (%)","SN.ITK.MSFI.ZS","","","","","","","","","","","","","","","","","","","","","","","","","","","","","","","","","","","","","","","","","","","","","","","","","","","","","","","","","","","41","41","41","41","41.9","42.9","",
"St. Kitts and Nevis","KNA","Prevalence of moderate or severe food insecurity in the population (%)","SN.ITK.MSFI.ZS","","","","","","","","","","","","","","","","","","","","","","","","","","","","","","","","","","","","","","","","","","","","","","","","","","","","","","","","","","","21.1","21.1","21.1","","","","",
"Korea, Rep.","KOR","Prevalence of moderate or severe food insecurity in the population (%)","SN.ITK.MSFI.ZS","","","","","","","","","","","","","","","","","","","","","","","","","","","","","","","","","","","","","","","","","","","","","","","","","","","","","","","","4.8","5","5.4","5.2","5.1","5.3","5.6","5.7","5.4","",
"Kuwait","KWT","Prevalence of moderate or severe food insecurity in the population (%)","SN.ITK.MSFI.ZS","","","","","","","","","","","","","","","","","","","","","","","","","","","","","","","","","","","","","","","","","","","","","","","","","","","","","","","","12.6","12.4","12.3","12.3","12.3","12.2","10.8","8.6","8.4","",
"Latin America & Caribbean (excluding high income)","LAC","Prevalence of moderate or severe food insecurity in the population (%)","SN.ITK.MSFI.ZS","","","","","","","","","","","","","","","","","","","","","","","","","","","","","","","","","","","","","","","","","","","","","","","","","","","","","","","","","","","","","","","","","",
"Lao PDR","LAO","Prevalence of moderate or severe food insecurity in the population (%)","SN.ITK.MSFI.ZS","","","","","","","","","","","","","","","","","","","","","","","","","","","","","","","","","","","","","","","","","","","","","","","","","","","","","","","","","","","","29.4","31.8","34.1","36.3","35.6","",
"Lebanon","LBN","Prevalence of moderate or severe food insecurity in the population (%)","SN.ITK.MSFI.ZS","","","","","","","","","","","","","","","","","","","","","","","","","","","","","","","","","","","","","","","","","","","","","","","","","","","","","","","","","","","14.7","21.1","29.1","36.5","40.1","42.4","",
"Liberia","LBR","Prevalence of moderate or severe food insecurity in the population (%)","SN.ITK.MSFI.ZS","","","","","","","","","","","","","","","","","","","","","","","","","","","","","","","","","","","","","","","","","","","","","","","","","","","","","","","","79.7","80.7","81","","80.6","80.6","81.2","81","80.8","",
"Libya","LBY","Prevalence of moderate or severe food insecurity in the population (%)","SN.ITK.MSFI.ZS","","","","","","","","","","","","","","","","","","","","","","","","","","","","","","","","","","","","","","","","","","","","","","","","","","","","","","","","29.1","30.9","33.2","35.7","37.4","39.4","39.8","37.9","35.1","",
"St. Lucia","LCA","Prevalence of moderate or severe food insecurity in the population (%)","SN.ITK.MSFI.ZS","","","","","","","","","","","","","","","","","","","","","","","","","","","","","","","","","","","","","","","","","","","","","","","","","","","","","","","","22.2","22.2","22.2","","","","","","","",
"Latin America & Caribbean","LCN","Prevalence of moderate or severe food insecurity in the population (%)","SN.ITK.MSFI.ZS","","","","","","","","","","","","","","","","","","","","","","","","","","","","","","","","","","","","","","","","","","","","","","","","","","","","","","","","","","","","","","","","","",
"Least developed countries: UN classification","LDC","Prevalence of moderate or severe food insecurity in the population (%)","SN.ITK.MSFI.ZS","","","","","","","","","","","","","","","","","","","","","","","","","","","","","","","","","","","","","","","","","","","","","","","","","","","","","","","","","","","","","","","","","",
"Low income","LIC","Prevalence of moderate or severe food insecurity in the population (%)","SN.ITK.MSFI.ZS","","","","","","","","","","","","","","","","","","","","","","","","","","","","","","","","","","","","","","","","","","","","","","","","","","","","","","","","","","","","","","","","","",
"Liechtenstein","LIE","Prevalence of moderate or severe food insecurity in the population (%)","SN.ITK.MSFI.ZS","","","","","","","","","","","","","","","","","","","","","","","","","","","","","","","","","","","","","","","","","","","","","","","","","","","","","","","","","","","","","","","","","",
"Sri Lanka","LKA","Prevalence of moderate or severe food insecurity in the population (%)","SN.ITK.MSFI.ZS","","","","","","","","","","","","","","","","","","","","","","","","","","","","","","","","","","","","","","","","","","","","","","","","","","","","","","","","5.9","5.8","6.5","7.6","8.9","10","10.9","11.4","11.2","",
"Lower middle income","LMC","Prevalence of moderate or severe food insecurity in the population (%)","SN.ITK.MSFI.ZS","","","","","","","","","","","","","","","","","","","","","","","","","","","","","","","","","","","","","","","","","","","","","","","","","","","","","","","","","","","","","","","","","",
"Low & middle income","LMY","Prevalence of moderate or severe food insecurity in the population (%)","SN.ITK.MSFI.ZS","","","","","","","","","","","","","","","","","","","","","","","","","","","","","","","","","","","","","","","","","","","","","","","","","","","","","","","","","","","","","","","","","",
"Lesotho","LSO","Prevalence of moderate or severe food insecurity in the population (%)","SN.ITK.MSFI.ZS","","","","","","","","","","","","","","","","","","","","","","","","","","","","","","","","","","","","","","","","","","","","","","","","","","","","","","","","","","","49.7","50.6","52.3","54.8","57.4","59.9","",
"Late-demographic dividend","LTE","Prevalence of moderate or severe food insecurity in the population (%)","SN.ITK.MSFI.ZS","","","","","","","","","","","","","","","","","","","","","","","","","","","","","","","","","","","","","","","","","","","","","","","","","","","","","","","","","","","","","","","","","",
"Lithuania","LTU","Prevalence of moderate or severe food insecurity in the population (%)","SN.ITK.MSFI.ZS","","","","","","","","","","","","","","","","","","","","","","","","","","","","","","","","","","","","","","","","","","","","","","","","","","","","","","","","15.3","13.3","12.3","10.7","11.3","9.8","8.4","6.1","6.5","",
"Luxembourg","LUX","Prevalence of moderate or severe food insecurity in the population (%)","SN.ITK.MSFI.ZS","","","","","","","","","","","","","","","","","","","","","","","","","","","","","","","","","","","","","","","","","","","","","","","","","","","","","","","","4.7","4","3.3","3.3","3.1","2.8","2.7","2.6","2.6","",
"Latvia","LVA","Prevalence of moderate or severe food insecurity in the population (%)","SN.ITK.MSFI.ZS","","","","","","","","","","","","","","","","","","","","","","","","","","","","","","","","","","","","","","","","","","","","","","","","","","","","","","","","9.9","9.5","9.4","9.5","10.2","9.4","9.3","10.2","11.2","",
"Macao SAR, China","MAC","Prevalence of moderate or severe food insecurity in the population (%)","SN.ITK.MSFI.ZS","","","","","","","","","","","","","","","","","","","","","","","","","","","","","","","","","","","","","","","","","","","","","","","","","","","","","","","","","","","","","","","","","",
"St. Martin (French part)","MAF","Prevalence of moderate or severe food insecurity in the population (%)","SN.ITK.MSFI.ZS","","","","","","","","","","","","","","","","","","","","","","","","","","","","","","","","","","","","","","","","","","","","","","","","","","","","","","","","","","","","","","","","","",
"Morocco","MAR","Prevalence of moderate or severe food insecurity in the population (%)","SN.ITK.MSFI.ZS","","","","","","","","","","","","","","","","","","","","","","","","","","","","","","","","","","","","","","","","","","","","","","","","","","","","","","","","","","","","","","","","","",
"Monaco","MCO","Prevalence of moderate or severe food insecurity in the population (%)","SN.ITK.MSFI.ZS","","","","","","","","","","","","","","","","","","","","","","","","","","","","","","","","","","","","","","","","","","","","","","","","","","","","","","","","","","","","","","","","","",
"Moldova","MDA","Prevalence of moderate or severe food insecurity in the population (%)","SN.ITK.MSFI.ZS","","","","","","","","","","","","","","","","","","","","","","","","","","","","","","","","","","","","","","","","","","","","","","","","","","","","","","","","19.3","20.9","24.6","27.5","27.2","24.9","23.5","24.7","25.1","",
"Madagascar","MDG","Prevalence of moderate or severe food insecurity in the population (%)","SN.ITK.MSFI.ZS","","","","","","","","","","","","","","","","","","","","","","","","","","","","","","","","","","","","","","","","","","","","","","","","","","","","","","","","","","","58","59.6","61.1","64.9","68.6","72.6","",
"Maldives","MDV","Prevalence of moderate or severe food insecurity in the population (%)","SN.ITK.MSFI.ZS","","","","","","","","","","","","","","","","","","","","","","","","","","","","","","","","","","","","","","","","","","","","","","","","","","","","","","","","","","","","13.4","13.4","13.4","13.4","","",
"Middle East, North Africa, Afghanistan & Pakistan","MEA","Prevalence of moderate or severe food insecurity in the population (%)","SN.ITK.MSFI.ZS","","","","","","","","","","","","","","","","","","","","","","","","","","","","","","","","","","","","","","","","","","","","","","","","","","","","","","","","","","","","","","","","","",
"Mexico","MEX","Prevalence of moderate or severe food insecurity in the population (%)","SN.ITK.MSFI.ZS","","","","","","","","","","","","","","","","","","","","","","","","","","","","","","","","","","","","","","","","","","","","","","","","","","","","","","","","24.9","23.6","23","23.8","25.3","25.5","23.5","20.7","19.3","",
"Marshall Islands","MHL","Prevalence of moderate or severe food insecurity in the population (%)","SN.ITK.MSFI.ZS","","","","","","","","","","","","","","","","","","","","","","","","","","","","","","","","","","","","","","","","","","","","","","","","","","","","","","","","","","","","","","","","","",
"Middle income","MIC","Prevalence of moderate or severe food insecurity in the population (%)","SN.ITK.MSFI.ZS","","","","","","","","","","","","","","","","","","","","","","","","","","","","","","","","","","","","","","","","","","","","","","","","","","","","","","","","","","","","","","","","","",
"North Macedonia","MKD","Prevalence of moderate or severe food insecurity in the population (%)","SN.ITK.MSFI.ZS","","","","","","","","","","","","","","","","","","","","","","","","","","","","","","","","","","","","","","","","","","","","","","","","","","","","","","","","15.2","13.7","14.3","14.4","17.7","20.9","24","20.2","15.2","",
"Mali","MLI","Prevalence of moderate or severe food insecurity in the population (%)","SN.ITK.MSFI.ZS","","","","","","","","","","","","","","","","","","","","","","","","","","","","","","","","","","","","","","","","","","","","","","","","","","","","","","","","","","25.9","25.2","23.9","21.9","20.6","20","20.6","",
"Malta","MLT","Prevalence of moderate or severe food insecurity in the population (%)","SN.ITK.MSFI.ZS","","","","","","","","","","","","","","","","","","","","","","","","","","","","","","","","","","","","","","","","","","","","","","","","","","","","","","","","5.8","5.6","5","4.3","4.4","5.2","7.2","8.2","9.2","",
"Myanmar","MMR","Prevalence of moderate or severe food insecurity in the population (%)","SN.ITK.MSFI.ZS","","","","","","","","","","","","","","","","","","","","","","","","","","","","","","","","","","","","","","","","","","","","","","","","","","","","","","","","","","","","22.2","25.5","29.3","32","32.7","",
"Middle East, North Africa, Afghanistan & Pakistan (excluding high income)","MNA","Prevalence of moderate or severe food insecurity in the population (%)","SN.ITK.MSFI.ZS","","","","","","","","","","","","","","","","","","","","","","","","","","","","","","","","","","","","","","","","","","","","","","","","","","","","","","","","","","","","","","","","","",
"Montenegro","MNE","Prevalence of moderate or severe food insecurity in the population (%)","SN.ITK.MSFI.ZS","","","","","","","","","","","","","","","","","","","","","","","","","","","","","","","","","","","","","","","","","","","","","","","","","","","","","","","","12.6","11.3","12","12.9","13.5","14","12.9","12.3","10.4","",
"Mongolia","MNG","Prevalence of moderate or severe food insecurity in the population (%)","SN.ITK.MSFI.ZS","","","","","","","","","","","","","","","","","","","","","","","","","","","","","","","","","","","","","","","","","","","","","","","","","","","","","","","","","","","","6.8","6.2","5.5","4.9","4.8","",
"Northern Mariana Islands","MNP","Prevalence of moderate or severe food insecurity in the population (%)","SN.ITK.MSFI.ZS","","","","","","","","","","","","","","","","","","","","","","","","","","","","","","","","","","","","","","","","","","","","","","","","","","","","","","","","","","","","","","","","","",
"Mozambique","MOZ","Prevalence of moderate or severe food insecurity in the population (%)","SN.ITK.MSFI.ZS","","","","","","","","","","","","","","","","","","","","","","","","","","","","","","","","","","","","","","","","","","","","","","","","","","","","","","","","","","","","","","","","","",
"Mauritania","MRT","Prevalence of moderate or severe food insecurity in the population (%)","SN.ITK.MSFI.ZS","","","","","","","","","","","","","","","","","","","","","","","","","","","","","","","","","","","","","","","","","","","","","","","","","","","","","","","","26.3","29.2","32.3","35.9","41.2","45.3","53.7","61.2","66.3","",
"Mauritius","MUS","Prevalence of moderate or severe food insecurity in the population (%)","SN.ITK.MSFI.ZS","","","","","","","","","","","","","","","","","","","","","","","","","","","","","","","","","","","","","","","","","","","","","","","","","","","","","","","","13","16.6","18.5","20.7","24.2","28.2","32","31.2","31.1","",
"Malawi","MWI","Prevalence of moderate or severe food insecurity in the population (%)","SN.ITK.MSFI.ZS","","","","","","","","","","","","","","","","","","","","","","","","","","","","","","","","","","","","","","","","","","","","","","","","","","","","","","","","78.1","79.2","80.3","78.8","79.9","81.3","82.4","81.7","81.7","",
"Malaysia","MYS","Prevalence of moderate or severe food insecurity in the population (%)","SN.ITK.MSFI.ZS","","","","","","","","","","","","","","","","","","","","","","","","","","","","","","","","","","","","","","","","","","","","","","","","","","","","","","","","17.4","15.1","15.1","15.1","14.9","15.4","16","16.7","16.7","",
"North America","NAC","Prevalence of moderate or severe food insecurity in the population (%)","SN.ITK.MSFI.ZS","","","","","","","","","","","","","","","","","","","","","","","","","","","","","","","","","","","","","","","","","","","","","","","","","","","","","","","","","","","","","","","","","",
"Namibia","NAM","Prevalence of moderate or severe food insecurity in the population (%)","SN.ITK.MSFI.ZS","","","","","","","","","","","","","","","","","","","","","","","","","","","","","","","","","","","","","","","","","","","","","","","","","","","","","","","","53.2","54.3","55.3","56.5","57.6","57.9","57.7","56.8","55.9","",
"New Caledonia","NCL","Prevalence of moderate or severe food insecurity in the population (%)","SN.ITK.MSFI.ZS","","","","","","","","","","","","","","","","","","","","","","","","","","","","","","","","","","","","","","","","","","","","","","","","","","","","","","","","","","","","","","","","","",
"Niger","NER","Prevalence of moderate or severe food insecurity in the population (%)","SN.ITK.MSFI.ZS","","","","","","","","","","","","","","","","","","","","","","","","","","","","","","","","","","","","","","","","","","","","","","","","","","","","","","","","","","50","50","50.1","50.2","50.2","50.3","50.9","",
"Nigeria","NGA","Prevalence of moderate or severe food insecurity in the population (%)","SN.ITK.MSFI.ZS","","","","","","","","","","","","","","","","","","","","","","","","","","","","","","","","","","","","","","","","","","","","","","","","","","","","","","","","34.7","38.7","42.8","47.1","53.5","62.9","69.7","73.9","74.8","",
"Nicaragua","NIC","Prevalence of moderate or severe food insecurity in the population (%)","SN.ITK.MSFI.ZS","","","","","","","","","","","","","","","","","","","","","","","","","","","","","","","","","","","","","","","","","","","","","","","","","","","","","","","","","","","","","","","","","",
"Netherlands","NLD","Prevalence of moderate or severe food insecurity in the population (%)","SN.ITK.MSFI.ZS","","","","","","","","","","","","","","","","","","","","","","","","","","","","","","","","","","","","","","","","","","","","","","","","","","","","","","","","5.7","5.5","5.1","5.1","4.6","4.4","4.5","5.5","7.5","",
"Norway","NOR","Prevalence of moderate or severe food insecurity in the population (%)","SN.ITK.MSFI.ZS","","","","","","","","","","","","","","","","","","","","","","","","","","","","","","","","","","","","","","","","","","","","","","","","","","","","","","","","4.8","5","4.8","4.8","4.1","4.3","5.2","6.8","7.8","",
"Nepal","NPL","Prevalence of moderate or severe food insecurity in the population (%)","SN.ITK.MSFI.ZS","","","","","","","","","","","","","","","","","","","","","","","","","","","","","","","","","","","","","","","","","","","","","","","","","","","","","","","","29.5","31.2","31.6","33.8","36.4","37.8","37.4","37","36.6","",
"Nauru","NRU","Prevalence of moderate or severe food insecurity in the population (%)","SN.ITK.MSFI.ZS","","","","","","","","","","","","","","","","","","","","","","","","","","","","","","","","","","","","","","","","","","","","","","","","","","","","","","","","","","","","","29.9","29.9","29.9","","",
"New Zealand","NZL","Prevalence of moderate or severe food insecurity in the population (%)","SN.ITK.MSFI.ZS","","","","","","","","","","","","","","","","","","","","","","","","","","","","","","","","","","","","","","","","","","","","","","","","","","","","","","","","10","11.3","13.3","13.9","14","14.5","15.1","16.4","17.3","",
"OECD members","OED","Prevalence of moderate or severe food insecurity in the population (%)","SN.ITK.MSFI.ZS","","","","","","","","","","","","","","","","","","","","","","","","","","","","","","","","","","","","","","","","","","","","","","","","","","","","","","","","","","","","","","","","","",
"Oman","OMN","Prevalence of moderate or severe food insecurity in the population (%)","SN.ITK.MSFI.ZS","","","","","","","","","","","","","","","","","","","","","","","","","","","","","","","","","","","","","","","","","","","","","","","","","","","","","","","","","","","","","","","","","",
"Other small states","OSS","Prevalence of moderate or severe food insecurity in the population (%)","SN.ITK.MSFI.ZS","","","","","","","","","","","","","","","","","","","","","","","","","","","","","","","","","","","","","","","","","","","","","","","","","","","","","","","","","","","","","","","","","",
"Pakistan","PAK","Prevalence of moderate or severe food insecurity in the population (%)","SN.ITK.MSFI.ZS","","","","","","","","","","","","","","","","","","","","","","","","","","","","","","","","","","","","","","","","","","","","","","","","","","","","","","","","14.1","12.1","12.8","14.2","24.3","32.6","41","41.7","42.1","",
"Panama","PAN","Prevalence of moderate or severe food insecurity in the population (%)","SN.ITK.MSFI.ZS","","","","","","","","","","","","","","","","","","","","","","","","","","","","","","","","","","","","","","","","","","","","","","","","","","","","","","","","","","","","","","","","","",
"Peru","PER","Prevalence of moderate or severe food insecurity in the population (%)","SN.ITK.MSFI.ZS","","","","","","","","","","","","","","","","","","","","","","","","","","","","","","","","","","","","","","","","","","","","","","","","","","","","","","","","30.4","34.8","35","35.7","36.9","38.9","41.6","42.5","41","",
"Philippines","PHL","Prevalence of moderate or severe food insecurity in the population (%)","SN.ITK.MSFI.ZS","","","","","","","","","","","","","","","","","","","","","","","","","","","","","","","","","","","","","","","","","","","","","","","","","","","","","","","","","","","41.2","42.7","40.1","37.4","33.2","32.9","",
"Palau","PLW","Prevalence of moderate or severe food insecurity in the population (%)","SN.ITK.MSFI.ZS","","","","","","","","","","","","","","","","","","","","","","","","","","","","","","","","","","","","","","","","","","","","","","","","","","","","","","","","","","","","","","","28.1","28.1","",
"Papua New Guinea","PNG","Prevalence of moderate or severe food insecurity in the population (%)","SN.ITK.MSFI.ZS","","","","","","","","","","","","","","","","","","","","","","","","","","","","","","","","","","","","","","","","","","","","","","","","","","","","","","","","","","57.3","57.3","57.3","","","","","",
"Poland","POL","Prevalence of moderate or severe food insecurity in the population (%)","SN.ITK.MSFI.ZS","","","","","","","","","","","","","","","","","","","","","","","","","","","","","","","","","","","","","","","","","","","","","","","","","","","","","","","","8.9","6.3","5.3","4.3","5.8","7.4","7.6","5.5","3.4","",
"Pre-demographic dividend","PRE","Prevalence of moderate or severe food insecurity in the population (%)","SN.ITK.MSFI.ZS","","","","","","","","","","","","","","","","","","","","","","","","","","","","","","","","","","","","","","","","","","","","","","","","","","","","","","","","","","","","","","","","","",
"Puerto Rico (US)","PRI","Prevalence of moderate or severe food insecurity in the population (%)","SN.ITK.MSFI.ZS","","","","","","","","","","","","","","","","","","","","","","","","","","","","","","","","","","","","","","","","","","","","","","","","","","","","","","","","","","","","","","","","","",
"Korea, Dem. People's Rep.","PRK","Prevalence of moderate or severe food insecurity in the population (%)","SN.ITK.MSFI.ZS","","","","","","","","","","","","","","","","","","","","","","","","","","","","","","","","","","","","","","","","","","","","","","","","","","","","","","","","","","","","","","","","","",
"Portugal","PRT","Prevalence of moderate or severe food insecurity in the population (%)","SN.ITK.MSFI.ZS","","","","","","","","","","","","","","","","","","","","","","","","","","","","","","","","","","","","","","","","","","","","","","","","","","","","","","","","14.7","13.2","11.6","10.7","11.5","11.6","12.4","12.3","11.9","",
"Paraguay","PRY","Prevalence of moderate or severe food insecurity in the population (%)","SN.ITK.MSFI.ZS","","","","","","","","","","","","","","","","","","","","","","","","","","","","","","","","","","","","","","","","","","","","","","","","","","","","","","","","8.3","10.6","15.6","21.3","24","25.3","25.9","26.2","","",
"West Bank and Gaza","PSE","Prevalence of moderate or severe food insecurity in the population (%)","SN.ITK.MSFI.ZS","","","","","","","","","","","","","","","","","","","","","","","","","","","","","","","","","","","","","","","","","","","","","","","","","","","","","","","","","","26.3","26.8","27.8","28.4","28.1","27.4","27","",
"Pacific island small states","PSS","Prevalence of moderate or severe food insecurity in the population (%)","SN.ITK.MSFI.ZS","","","","","","","","","","","","","","","","","","","","","","","","","","","","","","","","","","","","","","","","","","","","","","","","","","","","","","","","","","","","","","","","","",
"Post-demographic dividend","PST","Prevalence of moderate or severe food insecurity in the population (%)","SN.ITK.MSFI.ZS","","","","","","","","","","","","","","","","","","","","","","","","","","","","","","","","","","","","","","","","","","","","","","","","","","","","","","","","","","","","","","","","","",
"French Polynesia","PYF","Prevalence of moderate or severe food insecurity in the population (%)","SN.ITK.MSFI.ZS","","","","","","","","","","","","","","","","","","","","","","","","","","","","","","","","","","","","","","","","","","","","","","","","","","","","","","","","","","","","","","","","","",
"Qatar","QAT","Prevalence of moderate or severe food insecurity in the population (%)","SN.ITK.MSFI.ZS","","","","","","","","","","","","","","","","","","","","","","","","","","","","","","","","","","","","","","","","","","","","","","","","","","","","","","","","","","","","","","","","","",
"Romania","ROU","Prevalence of moderate or severe food insecurity in the population (%)","SN.ITK.MSFI.ZS","","","","","","","","","","","","","","","","","","","","","","","","","","","","","","","","","","","","","","","","","","","","","","","","","","","","","","","","19.3","16.6","14.7","14.5","13.9","13.4","16.2","19.1","18.6","",
"Russian Federation","RUS","Prevalence of moderate or severe food insecurity in the population (%)","SN.ITK.MSFI.ZS","","","","","","","","","","","","","","","","","","","","","","","","","","","","","","","","","","","","","","","","","","","","","","","","","","","","","","","","8.2","8.9","7.9","7.1","6","5.5","4.8","3.6","2.8","",
"Rwanda","RWA","Prevalence of moderate or severe food insecurity in the population (%)","SN.ITK.MSFI.ZS","","","","","","","","","","","","","","","","","","","","","","","","","","","","","","","","","","","","","","","","","","","","","","","","","","","","","","","","","","","","","","","","","",
"South Asia","SAS","Prevalence of moderate or severe food insecurity in the population (%)","SN.ITK.MSFI.ZS","","","","","","","","","","","","","","","","","","","","","","","","","","","","","","","","","","","","","","","","","","","","","","","","","","","","","","","","","","","","","","","","","",
"Saudi Arabia","SAU","Prevalence of moderate or severe food insecurity in the population (%)","SN.ITK.MSFI.ZS","","","","","","","","","","","","","","","","","","","","","","","","","","","","","","","","","","","","","","","","","","","","","","","","","","","","","","","","","","","","","","","","","",
"Sudan","SDN","Prevalence of moderate or severe food insecurity in the population (%)","SN.ITK.MSFI.ZS","","","","","","","","","","","","","","","","","","","","","","","","","","","","","","","","","","","","","","","","","","","","","","","","","","","","","","","","","","","","","","","","","",
"Senegal","SEN","Prevalence of moderate or severe food insecurity in the population (%)","SN.ITK.MSFI.ZS","","","","","","","","","","","","","","","","","","","","","","","","","","","","","","","","","","","","","","","","","","","","","","","","","","","","","","","","39","37.1","35.8","35.1","33.3","31.6","30.3","29.4","29.1","",
"Singapore","SGP","Prevalence of moderate or severe food insecurity in the population (%)","SN.ITK.MSFI.ZS","","","","","","","","","","","","","","","","","","","","","","","","","","","","","","","","","","","","","","","","","","","","","","","","","","","","","","","","2.9","3.1","4.1","4.7","4.5","4.6","6.6","7.7","9.5","",
"Solomon Islands","SLB","Prevalence of moderate or severe food insecurity in the population (%)","SN.ITK.MSFI.ZS","","","","","","","","","","","","","","","","","","","","","","","","","","","","","","","","","","","","","","","","","","","","","","","","","","","","","","","","","","","","","","","","","",
"Sierra Leone","SLE","Prevalence of moderate or severe food insecurity in the population (%)","SN.ITK.MSFI.ZS","","","","","","","","","","","","","","","","","","","","","","","","","","","","","","","","","","","","","","","","","","","","","","","","","","","","","","","","75.8","81.5","83","83","85.3","86.7","89.2","88.6","89.8","",
"El Salvador","SLV","Prevalence of moderate or severe food insecurity in the population (%)","SN.ITK.MSFI.ZS","","","","","","","","","","","","","","","","","","","","","","","","","","","","","","","","","","","","","","","","","","","","","","","","","","","","","","","","42.2","41.6","41.6","42.2","45.1","46.5","48.4","46.9","45.5","",
"San Marino","SMR","Prevalence of moderate or severe food insecurity in the population (%)","SN.ITK.MSFI.ZS","","","","","","","","","","","","","","","","","","","","","","","","","","","","","","","","","","","","","","","","","","","","","","","","","","","","","","","","","","","","","","","","","",
"Somalia, Fed. Rep.","SOM","Prevalence of moderate or severe food insecurity in the population (%)","SN.ITK.MSFI.ZS","","","","","","","","","","","","","","","","","","","","","","","","","","","","","","","","","","","","","","","","","","","","","","","","","","","","","","","","","","","","","","79.5","","","",
"Serbia","SRB","Prevalence of moderate or severe food insecurity in the population (%)","SN.ITK.MSFI.ZS","","","","","","","","","","","","","","","","","","","","","","","","","","","","","","","","","","","","","","","","","","","","","","","","","","","","","","","","11.4","12.8","12.5","12.5","12","14.1","14.8","13","9.5","",
"Sub-Saharan Africa (excluding high income)","SSA","Prevalence of moderate or severe food insecurity in the population (%)","SN.ITK.MSFI.ZS","","","","","","","","","","","","","","","","","","","","","","","","","","","","","","","","","","","","","","","","","","","","","","","","","","","","","","","","","","","","","","","","","",
"South Sudan","SSD","Prevalence of moderate or severe food insecurity in the population (%)","SN.ITK.MSFI.ZS","","","","","","","","","","","","","","","","","","","","","","","","","","","","","","","","","","","","","","","","","","","","","","","","","","","","","","","","","","85.1","84.9","85.7","86.4","87.3","87.3","88.1","",
"Sub-Saharan Africa","SSF","Prevalence of moderate or severe food insecurity in the population (%)","SN.ITK.MSFI.ZS","","","","","","","","","","","","","","","","","","","","","","","","","","","","","","","","","","","","","","","","","","","","","","","","","","","","","","","","","","","","","","","","","",
"Small states","SST","Prevalence of moderate or severe food insecurity in the population (%)","SN.ITK.MSFI.ZS","","","","","","","","","","","","","","","","","","","","","","","","","","","","","","","","","","","","","","","","","","","","","","","","","","","","","","","","","","","","","","","","","",
"Sao Tome and Principe","STP","Prevalence of moderate or severe food insecurity in the population (%)","SN.ITK.MSFI.ZS","","","","","","","","","","","","","","","","","","","","","","","","","","","","","","","","","","","","","","","","","","","","","","","","","","","","","","","","","","","","","54.6","54.6","54.6","","",
"Suriname","SUR","Prevalence of moderate or severe food insecurity in the population (%)","SN.ITK.MSFI.ZS","","","","","","","","","","","","","","","","","","","","","","","","","","","","","","","","","","","","","","","","","","","","","","","","","","","","","","","","","","","","","35.8","35.8","35.8","","",
"Slovak Republic","SVK","Prevalence of moderate or severe food insecurity in the population (%)","SN.ITK.MSFI.ZS","","","","","","","","","","","","","","","","","","","","","","","","","","","","","","","","","","","","","","","","","","","","","","","","","","","","","","","","6.2","5.3","5","5","6","7.7","8.3","9","7.5","",
"Slovenia","SVN","Prevalence of moderate or severe food insecurity in the population (%)","SN.ITK.MSFI.ZS","","","","","","","","","","","","","","","","","","","","","","","","","","","","","","","","","","","","","","","","","","","","","","","","","","","","","","","","12.3","11.8","11.2","10.2","8.2","7.4","7","7.9","8.2","",
"Sweden","SWE","Prevalence of moderate or severe food insecurity in the population (%)","SN.ITK.MSFI.ZS","","","","","","","","","","","","","","","","","","","","","","","","","","","","","","","","","","","","","","","","","","","","","","","","","","","","","","","","4.5","5.3","5.4","5.7","5.3","5.3","5.4","6","6.9","",
"Eswatini","SWZ","Prevalence of moderate or severe food insecurity in the population (%)","SN.ITK.MSFI.ZS","","","","","","","","","","","","","","","","","","","","","","","","","","","","","","","","","","","","","","","","","","","","","","","","","","","","","","","","","","","","","59.4","57.7","57.2","59","",
"Sint Maarten (Dutch part)","SXM","Prevalence of moderate or severe food insecurity in the population (%)","SN.ITK.MSFI.ZS","","","","","","","","","","","","","","","","","","","","","","","","","","","","","","","","","","","","","","","","","","","","","","","","","","","","","","","","","","","","","","","","","",
"Seychelles","SYC","Prevalence of moderate or severe food insecurity in the population (%)","SN.ITK.MSFI.ZS","","","","","","","","","","","","","","","","","","","","","","","","","","","","","","","","","","","","","","","","","","","","","","","","","","","","","","","","14.3","14.3","14.3","","","","","","","",
"Syrian Arab Republic","SYR","Prevalence of moderate or severe food insecurity in the population (%)","SN.ITK.MSFI.ZS","","","","","","","","","","","","","","","","","","","","","","","","","","","","","","","","","","","","","","","","","","","","","","","","","","","","","","","","","","","","","","","","","",
"Turks and Caicos Islands","TCA","Prevalence of moderate or severe food insecurity in the population (%)","SN.ITK.MSFI.ZS","","","","","","","","","","","","","","","","","","","","","","","","","","","","","","","","","","","","","","","","","","","","","","","","","","","","","","","","","","","","","","","","","",
"Chad","TCD","Prevalence of moderate or severe food insecurity in the population (%)","SN.ITK.MSFI.ZS","","","","","","","","","","","","","","","","","","","","","","","","","","","","","","","","","","","","","","","","","","","","","","","","","","","","","","","","67.9","71.3","74.7","76.3","75.9","72.2","69.4","67","66.3","",
"East Asia & Pacific (IDA & IBRD countries)","TEA","Prevalence of moderate or severe food insecurity in the population (%)","SN.ITK.MSFI.ZS","","","","","","","","","","","","","","","","","","","","","","","","","","","","","","","","","","","","","","","","","","","","","","","","","","","","","","","","","","","","","","","","","",
"Europe & Central Asia (IDA & IBRD countries)","TEC","Prevalence of moderate or severe food insecurity in the population (%)","SN.ITK.MSFI.ZS","","","","","","","","","","","","","","","","","","","","","","","","","","","","","","","","","","","","","","","","","","","","","","","","","","","","","","","","","","","","","","","","","",
"Togo","TGO","Prevalence of moderate or severe food insecurity in the population (%)","SN.ITK.MSFI.ZS","","","","","","","","","","","","","","","","","","","","","","","","","","","","","","","","","","","","","","","","","","","","","","","","","","","","","","","","60.4","62.2","61.7","59.6","56.3","54.7","56","57","58.5","",
"Thailand","THA","Prevalence of moderate or severe food insecurity in the population (%)","SN.ITK.MSFI.ZS","","","","","","","","","","","","","","","","","","","","","","","","","","","","","","","","","","","","","","","","","","","","","","","","","","","","","","","","","","","4.7","5.4","6.4","7.1","6.5","5.4","",
"Tajikistan","TJK","Prevalence of moderate or severe food insecurity in the population (%)","SN.ITK.MSFI.ZS","","","","","","","","","","","","","","","","","","","","","","","","","","","","","","","","","","","","","","","","","","","","","","","","","","","","","","","","19.1","24.5","29.6","28.8","28.7","30.2","31","28","25.1","",
"Turkmenistan","TKM","Prevalence of moderate or severe food insecurity in the population (%)","SN.ITK.MSFI.ZS","","","","","","","","","","","","","","","","","","","","","","","","","","","","","","","","","","","","","","","","","","","","","","","","","","","","","","","","","","","","","","","","","",
"Latin America & the Caribbean (IDA & IBRD countries)","TLA","Prevalence of moderate or severe food insecurity in the population (%)","SN.ITK.MSFI.ZS","","","","","","","","","","","","","","","","","","","","","","","","","","","","","","","","","","","","","","","","","","","","","","","","","","","","","","","","","","","","","","","","","",
"Timor-Leste","TLS","Prevalence of moderate or severe food insecurity in the population (%)","SN.ITK.MSFI.ZS","","","","","","","","","","","","","","","","","","","","","","","","","","","","","","","","","","","","","","","","","","","","","","","","","","","","","","","","","","","","53.7","53.7","53.7","","","",
"Middle East, North Africa, Afghanistan & Pakistan (IDA & IBRD)","TMN","Prevalence of moderate or severe food insecurity in the population (%)","SN.ITK.MSFI.ZS","","","","","","","","","","","","","","","","","","","","","","","","","","","","","","","","","","","","","","","","","","","","","","","","","","","","","","","","","","","","","","","","","",
"Tonga","TON","Prevalence of moderate or severe food insecurity in the population (%)","SN.ITK.MSFI.ZS","","","","","","","","","","","","","","","","","","","","","","","","","","","","","","","","","","","","","","","","","","","","","","","","","","","","","","","","","","","","23.2","20.4","17.6","14.8","","",
"South Asia (IDA & IBRD)","TSA","Prevalence of moderate or severe food insecurity in the population (%)","SN.ITK.MSFI.ZS","","","","","","","","","","","","","","","","","","","","","","","","","","","","","","","","","","","","","","","","","","","","","","","","","","","","","","","","","","","","","","","","","",
"Sub-Saharan Africa (IDA & IBRD countries)","TSS","Prevalence of moderate or severe food insecurity in the population (%)","SN.ITK.MSFI.ZS","","","","","","","","","","","","","","","","","","","","","","","","","","","","","","","","","","","","","","","","","","","","","","","","","","","","","","","","","","","","","","","","","",
"Trinidad and Tobago","TTO","Prevalence of moderate or severe food insecurity in the population (%)","SN.ITK.MSFI.ZS","","","","","","","","","","","","","","","","","","","","","","","","","","","","","","","","","","","","","","","","","","","","","","","","","","","","","","","","","","","","","","","27.6","27.6","",
"Tunisia","TUN","Prevalence of moderate or severe food insecurity in the population (%)","SN.ITK.MSFI.ZS","","","","","","","","","","","","","","","","","","","","","","","","","","","","","","","","","","","","","","","","","","","","","","","","","","","","","","","","18.2","19.4","20","22.1","25","28","28.5","26.7","25.4","",
"Turkiye","TUR","Prevalence of moderate or severe food insecurity in the population (%)","SN.ITK.MSFI.ZS","","","","","","","","","","","","","","","","","","","","","","","","","","","","","","","","","","","","","","","","","","","","","","","","","","","","","","","","","","","","","","","","","",
"Tuvalu","TUV","Prevalence of moderate or severe food insecurity in the population (%)","SN.ITK.MSFI.ZS","","","","","","","","","","","","","","","","","","","","","","","","","","","","","","","","","","","","","","","","","","","","","","","","","","","","","","","","","","","","","","","","","",
"Tanzania","TZA","Prevalence of moderate or severe food insecurity in the population (%)","SN.ITK.MSFI.ZS","","","","","","","","","","","","","","","","","","","","","","","","","","","","","","","","","","","","","","","","","","","","","","","","","","","","","","","","48.8","55","56.6","56.1","56.3","57.6","58.7","58.2","58","",
"Uganda","UGA","Prevalence of moderate or severe food insecurity in the population (%)","SN.ITK.MSFI.ZS","","","","","","","","","","","","","","","","","","","","","","","","","","","","","","","","","","","","","","","","","","","","","","","","","","","","","","","","66.3","71.3","76","75","73.1","69.8","65.9","59.5","54.6","",
"Ukraine","UKR","Prevalence of moderate or severe food insecurity in the population (%)","SN.ITK.MSFI.ZS","","","","","","","","","","","","","","","","","","","","","","","","","","","","","","","","","","","","","","","","","","","","","","","","","","","","","","","","19.8","22.3","21.5","18.3","19.9","22.7","28.2","31","32.5","",
"Upper middle income","UMC","Prevalence of moderate or severe food insecurity in the population (%)","SN.ITK.MSFI.ZS","","","","","","","","","","","","","","","","","","","","","","","","","","","","","","","","","","","","","","","","","","","","","","","","","","","","","","","","","","","","","","","","","",
"Uruguay","URY","Prevalence of moderate or severe food insecurity in the population (%)","SN.ITK.MSFI.ZS","","","","","","","","","","","","","","","","","","","","","","","","","","","","","","","","","","","","","","","","","","","","","","","","","","","","","","","","","","","13.3","14","14.1","15.2","15.7","16.2","",
"United States","USA","Prevalence of moderate or severe food insecurity in the population (%)","SN.ITK.MSFI.ZS","","","","","","","","","","","","","","","","","","","","","","","","","","","","","","","","","","","","","","","","","","","","","","","","","","","","","","","","10.5","9.8","8.9","8.4","8.2","8","8.6","9.3","10.3","",
"Uzbekistan","UZB","Prevalence of moderate or severe food insecurity in the population (%)","SN.ITK.MSFI.ZS","","","","","","","","","","","","","","","","","","","","","","","","","","","","","","","","","","","","","","","","","","","","","","","","","","","","","","","","11.2","13.4","14.9","17.2","19.7","23.6","26.1","26.1","24.4","",
"St. Vincent and the Grenadines","VCT","Prevalence of moderate or severe food insecurity in the population (%)","SN.ITK.MSFI.ZS","","","","","","","","","","","","","","","","","","","","","","","","","","","","","","","","","","","","","","","","","","","","","","","","","","","","","","","","","","33.3","33.3","33.3","","","","","",
"Venezuela, RB","VEN","Prevalence of moderate or severe food insecurity in the population (%)","SN.ITK.MSFI.ZS","","","","","","","","","","","","","","","","","","","","","","","","","","","","","","","","","","","","","","","","","","","","","","","","","","","","","","","","","","","","","","","","","",
"British Virgin Islands","VGB","Prevalence of moderate or severe food insecurity in the population (%)","SN.ITK.MSFI.ZS","","","","","","","","","","","","","","","","","","","","","","","","","","","","","","","","","","","","","","","","","","","","","","","","","","","","","","","","","","","","","","","","","",
"Virgin Islands (U.S.)","VIR","Prevalence of moderate or severe food insecurity in the population (%)","SN.ITK.MSFI.ZS","","","","","","","","","","","","","","","","","","","","","","","","","","","","","","","","","","","","","","","","","","","","","","","","","","","","","","","","","","","","","","","","","",
"Viet Nam","VNM","Prevalence of moderate or severe food insecurity in the population (%)","SN.ITK.MSFI.ZS","","","","","","","","","","","","","","","","","","","","","","","","","","","","","","","","","","","","","","","","","","","","","","","","","","","","","","","","","","6.2","6.2","6.5","7.6","9","10.8","10.7","",
"Vanuatu","VUT","Prevalence of moderate or severe food insecurity in the population (%)","SN.ITK.MSFI.ZS","","","","","","","","","","","","","","","","","","","","","","","","","","","","","","","","","","","","","","","","","","","","","","","","","","","","","","","","","","","23.3","23.3","23.3","","","","",
"World","WLD","Prevalence of moderate or severe food insecurity in the population (%)","SN.ITK.MSFI.ZS","","","","","","","","","","","","","","","","","","","","","","","","","","","","","","","","","","","","","","","","","","","","","","","","","","","","","","","","","","","","","","","","","",
"Samoa","WSM","Prevalence of moderate or severe food insecurity in the population (%)","SN.ITK.MSFI.ZS","","","","","","","","","","","","","","","","","","","","","","","","","","","","","","","","","","","","","","","","","","","","","","","","","","","","","","","","","","23.6","23.2","22.5","21.4","20.4","19.3","18.6","",
"Kosovo","XKX","Prevalence of moderate or severe food insecurity in the population (%)","SN.ITK.MSFI.ZS","","","","","","","","","","","","","","","","","","","","","","","","","","","","","","","","","","","","","","","","","","","","","","","","","","","","","","","","","","","","","","","","","",
"Yemen, Rep.","YEM","Prevalence of moderate or severe food insecurity in the population (%)","SN.ITK.MSFI.ZS","","","","","","","","","","","","","","","","","","","","","","","","","","","","","","","","","","","","","","","","","","","","","","","","","","","","","","","","45.7","49.6","46.6","46","49.4","58.5","67.2","72.5","73","",
"South Africa","ZAF","Prevalence of moderate or severe food insecurity in the population (%)","SN.ITK.MSFI.ZS","","","","","","","","","","","","","","","","","","","","","","","","","","","","","","","","","","","","","","","","","","","","","","","","","","","","","","","","","","","17.4","18.2","19","19.2","20","20.7","",
"Zambia","ZMB","Prevalence of moderate or severe food insecurity in the population (%)","SN.ITK.MSFI.ZS","","","","","","","","","","","","","","","","","","","","","","","","","","","","","","","","","","","","","","","","","","","","","","","","","","","","","","","","51.2","52.4","52","54.2","52.5","51.8","47.9","46.1","45.3","",
"Zimbabwe","ZWE","Prevalence of moderate or severe food insecurity in the population (%)","SN.ITK.MSFI.ZS","","","","","","","","","","","","","","","","","","","","","","","","","","","","","","","","","","","","","","","","","","","","","","","","","","","","","","","","64.7","66.7","67","66.7","69.8","73","73.6","70.7","68.8","",
